Workbook

Sheet Data
B1: General | M1: Finance - Raw Data | R1: Finance - Analysed | X1: Audience Reception | AE1: Academy Awards | AH1: Directors
A2: Film | B2: Release Date | C2: Release Day | E2: Release Month | G2: Time Since Last Release (in Days) | I2: Duration (minutes) | J2: Rating | M2: Budget | N2: Box Office (US & Canada) | O2: Box Office (Rest of World) | P2: Box Office (Worldwide) | R2: Profit | S2: Budget : Box Office Ratio | T2: Box Office : Budget Ratio | U2: US & Canada Sales as a Percentage of Worldwide Sales | V2: Rest of World Sales as a Percentage of Worldwide Sales | X2: Rotten Tomatoes Score | Y2: Rotten Tomatoes: Number of Reviews | Z2: MetaCritic Score | AA2: MetaCritic: Number of Reviews | AB2: IMDB Score | AC2: IMDB: Number of Reviews | AE2: Number of Awards won | AF2: Number of Awards Nominated for | AH2: Director(s) (listed alphabetically for each film, where there's multiple) | AI2: Film name (for Vlookup) | AJ2: Previous Film name for vlookup | AK2: Data Validation (US + Canada + ROW = Worldwide?)
A3: Toy Story | B3: 35025 | C3: =TEXT(B3,"ddd") -> Wed | E3: =TEXT(B3,"mmm") -> Nov | G3: N/A | I3: 81 | J3: G | M3: 30000000 | N3: 223225679 | O3: 171210907 | P3: 394436586 | R3: =P3-M3 -> 364436586 | S3: =M3/P3 -> 0.076057853 | T3: =P3/M3 -> 13.147886 | U3: =N3/P3 -> 0.56593553 | V3: =O3/P3 -> 0.43406447 | X3: 100 | Y3: 96 | Z3: 95 | AA3: 26 | AB3: 8.3 | AC3: 1089101 | AE3: 1 | AF3: 3 | AH3: John Lasseter | AI3: =A3 -> Toy Story | AK3: =IF(N3+O3=P3, "US + Canada + rest of world = worldwide", "error in data - US + Canada + ROW does not equal worldwide box office sales") -> US + Canada + rest of world = worldwide
A4: A Bug's Life | B4: 36124 | C4: =TEXT(B4,"ddd") -> Wed | E4: =TEXT(B4,"mmm") -> Nov | G4: =DATEDIF(B3,B4,"d") -> 1099 | I4: 95 | J4: G | M4: 120000000 | N4: 162798565 | O4: 200460294 | P4: 363258859 | R4: =P4-M4 -> 243258859 | S4: =M4/P4 -> 0.33034294 | T4: =P4/M4 -> 3.0271572 | U4: =N4/P4 -> 0.44816131 | V4: =O4/P4 -> 0.55183869 | X4: 92 | Y4: 91 | Z4: 78 | AA4: 23 | AB4: 7.2 | AC4: 319596 | AE4: 0 | AF4: 1 | AH4: Andrew Stanton, John Lasseter | AI4: =A4 -> A Bug's Life | AJ4: =A3 -> Toy Story | AK4: =IF(N4+O4=P4, "US + Canada + rest of world = worldwide", "error in data - US + Canada + ROW does not equal worldwide box office sales") -> US + Canada + rest of world = worldwide
A5: Toy Story 2 | B5: 36488 | C5: =TEXT(B5,"ddd") -> Wed | E5: =TEXT(B5,"mmm") -> Nov | G5: =DATEDIF(B4,B5,"d") -> 364 | I5: 92 | J5: G | M5: 90000000 | N5: 245852179 | O5: 265506097 | P5: 511358276 | R5: =P5-M5 -> 421358276 | S5: =M5/P5 -> 0.17600184 | T5: =P5/M5 -> 5.6817586 | U5: =N5/P5 -> 0.48078263 | V5: =O5/P5 -> 0.51921737 | X5: 100 | Y5: 172 | Z5: 88 | AA5: 34 | AB5: 7.9 | AC5: 630573 | AE5: 0 | AF5: 1 | AH5: Ash Brannon, John Lasseter, Lee Unkrich | AI5: =A5 -> Toy Story 2 | AJ5: =A4 -> A Bug's Life | AK5: =IF(N5+O5=P5, "US + Canada + rest of world = worldwide", "error in data - US + Canada + ROW does not equal worldwide box office sales") -> US + Canada + rest of world = worldwide
A6: Monsters, Inc. | B6: 37197 | C6: =TEXT(B6,"ddd") -> Fri | E6: =TEXT(B6,"mmm") -> Nov | G6: =DATEDIF(B5,B6,"d") -> 709 | I6: 92 | J6: G | M6: 115000000 | N6: 255873250 | O6: 272900000 | P6: 528773250 | R6: =P6-M6 -> 413773250 | S6: =M6/P6 -> 0.21748453 | T6: =P6/M6 -> 4.5980283 | U6: =N6/P6 -> 0.48389976 | V6: =O6/P6 -> 0.51610024 | X6: 96 | Y6: 199 | Z6: 79 | AA6: 35 | AB6: 8.1 | AC6: 1000657 | AE6: 1 | AF6: 3 | AH6: David Silverman, Lee Unkrich, Pete Docter | AI6: =A6 -> Monsters, Inc. | AJ6: =A5 -> Toy Story 2 | AK6: =IF(N6+O6=P6, "US + Canada + rest of world = worldwide", "error in data - US + Canada + ROW does not equal worldwide box office sales") -> US + Canada + rest of world = worldwide
A7: Finding Nemo | B7: 37771 | C7: =TEXT(B7,"ddd") -> Fri | E7: =TEXT(B7,"mmm") -> May | G7: =DATEDIF(B6,B7,"d") -> 574 | I7: 100 | J7: G | M7: 94000000 | N7: 339714978 | O7: 531300000 | P7: 871014978 | R7: =P7-M7 -> 777014978 | S7: =M7/P7 -> 0.10792007 | T7: =P7/M7 -> 9.2661168 | U7: =N7/P7 -> 0.39002197 | V7: =O7/P7 -> 0.60997803 | X7: 99 | Y7: 270 | Z7: 90 | AA7: 38 | AB7: 8.2 | AC7: 1132877 | AE7: 1 | AF7: 3 | AH7: Andrew Stanton, Lee Unkrich | AI7: =A7 -> Finding Nemo | AJ7: =A6 -> Monsters, Inc. | AK7: =IF(N7+O7=P7, "US + Canada + rest of world = worldwide", "error in data - US + Canada + ROW does not equal worldwide box office sales") -> US + Canada + rest of world = worldwide
A8: The Incredibles | B8: 38296 | C8: =TEXT(B8,"ddd") -> Fri | E8: =TEXT(B8,"mmm") -> Nov | G8: =DATEDIF(B7,B8,"d") -> 525 | I8: 115 | J8: PG | M8: 92000000 | N8: 261441092 | O8: 370001000 | P8: 631442092 | R8: =P8-M8 -> 539442092 | S8: =M8/P8 -> 0.14569824 | T8: =P8/M8 -> 6.863501 | U8: =N8/P8 -> 0.41403811 | V8: =O8/P8 -> 0.58596189 | X8: 97 | Y8: 250 | Z8: 90 | AA8: 41 | AB8: 8 | AC8: 828986 | AE8: 2 | AF8: 2 | AH8: Brad Bird | AI8: =A8 -> The Incredibles | AJ8: =A7 -> Finding Nemo | AK8: =IF(N8+O8=P8, "US + Canada + rest of world = worldwide", "error in data - US + Canada + ROW does not equal worldwide box office sales") -> US + Canada + rest of world = worldwide
A9: Cars | B9: 38877 | C9: =TEXT(B9,"ddd") -> Fri | E9: =TEXT(B9,"mmm") -> Jun | G9: =DATEDIF(B8,B9,"d") -> 581 | I9: 116 | J9: G | M9: 120000000 | N9: 244082982 | O9: 217900167 | P9: 461983149 | R9: =P9-M9 -> 341983149 | S9: =M9/P9 -> 0.25974973 | T9: =P9/M9 -> 3.8498596 | U9: =N9/P9 -> 0.52833741 | V9: =O9/P9 -> 0.47166259 | X9: 75 | Y9: 204 | Z9: 73 | AA9: 39 | AB9: 7.2 | AC9: 484034 | AE9: 0 | AF9: 2 | AH9: Joe Ranft, John Lasseter | AI9: =A9 -> Cars | AJ9: =A8 -> The Incredibles | AK9: =IF(N9+O9=P9, "US + Canada + rest of world = worldwide", "error in data - US + Canada + ROW does not equal worldwide box office sales") -> US + Canada + rest of world = worldwide
A10: Ratatouille | B10: 39262 | C10: =TEXT(B10,"ddd") -> Fri | E10: =TEXT(B10,"mmm") -> Jun | G10: =DATEDIF(B9,B10,"d") -> 385 | I10: 111 | J10: G | M10: 150000000 | N10: 206445654 | O10: 417280431 | P10: 623726085 | R10: =P10-M10 -> 473726085 | S10: =M10/P10 -> 0.24049018 | T10: =P10/M10 -> 4.1581739 | U10: =N10/P10 -> 0.33098769 | V10: =O10/P10 -> 0.66901231 | X10: 96 | Y10: 253 | Z10: 96 | AA10: 37 | AB10: 8.1 | AC10: 851229 | AE10: 1 | AF10: 4 | AH10: Brad Bird, Jan Pinkava | AI10: =A10 -> Ratatouille | AJ10: =A9 -> Cars | AK10: =IF(N10+O10=P10, "US + Canada + rest of world = worldwide", "error in data - US + Canada + ROW does not equal worldwide box office sales") -> US + Canada + rest of world = worldwide
A11: WALL-E | B11: 39626 | C11: =TEXT(B11,"ddd") -> Fri | E11: =TEXT(B11,"mmm") -> Jun | G11: =DATEDIF(B10,B11,"d") -> 364 | I11: 98 | J11: G | M11: 180000000 | N11: 223808164 | O11: 297503696 | P11: 521311860 | R11: =P11-M11 -> 341311860 | S11: =M11/P11 -> 0.34528276 | T11: =P11/M11 -> 2.896177 | U11: =N11/P11 -> 0.42931723 | V11: =O11/P11 -> 0.57068277 | X11: 95 | Y11: 261 | Z11: 95 | AA11: 39 | AB11: 8.4 | AC11: 1226415 | AE11: 1 | AF11: 5 | AH11: Andrew Stanton | AI11: =A11 -> WALL-E | AJ11: =A10 -> Ratatouille | AK11: =IF(N11+O11=P11, "US + Canada + rest of world = worldwide", "error in data - US + Canada + ROW does not equal worldwide box office sales") -> US + Canada + rest of world = worldwide
A12: Up | B12: 39962 | C12: =TEXT(B12,"ddd") -> Fri | E12: =TEXT(B12,"mmm") -> May | G12: =DATEDIF(B11,B12,"d") -> 336 | I12: 96 | J12: PG | M12: 175000000 | N12: 293004164 | O12: 442094918 | P12: 735099082 | R12: =P12-M12 -> 560099082 | S12: =M12/P12 -> 0.23806315 | T12: =P12/M12 -> 4.2005662 | U12: =N12/P12 -> 0.39859139 | V12: =O12/P12 -> 0.60140861 | X12: 98 | Y12: 297 | Z12: 88 | AA12: 37 | AB12: 8.3 | AC12: 1151249 | AE12: 2 | AF12: 3 | AH12: Bob Peterson, Pete Docter | AI12: =A12 -> Up | AJ12: =A11 -> WALL-E | AK12: =IF(N12+O12=P12, "US + Canada + rest of world = worldwide", "error in data - US + Canada + ROW does not equal worldwide box office sales") -> US + Canada + rest of world = worldwide
A13: Toy Story 3 | B13: 40347 | C13: =TEXT(B13,"ddd") -> Fri | E13: =TEXT(B13,"mmm") -> Jun | G13: =DATEDIF(B12,B13,"d") -> 385 | I13: 103 | J13: G | M13: 200000000 | N13: 415004880 | O13: 651964823 | P13: 1066969703 | R13: =P13-M13 -> 866969703 | S13: =M13/P13 -> 0.18744675 | T13: =P13/M13 -> 5.3348485 | U13: =N13/P13 -> 0.38895657 | V13: =O13/P13 -> 0.61104343 | X13: 98 | Y13: 313 | Z13: 92 | AA13: 39 | AB13: 8.3 | AC13: 908222 | AE13: 2 | AF13: 3 | AH13: Lee Unkrich | AI13: =A13 -> Toy Story 3 | AJ13: =A12 -> Up | AK13: =IF(N13+O13=P13, "US + Canada + rest of world = worldwide", "error in data - US + Canada + ROW does not equal worldwide box office sales") -> US + Canada + rest of world = worldwide
A14: Cars 2 | B14: 40718 | C14: =TEXT(B14,"ddd") -> Fri | E14: =TEXT(B14,"mmm") -> Jun | G14: =DATEDIF(B13,B14,"d") -> 371 | I14: 106 | J14: G | M14: 200000000 | N14: 191452396 | O14: 368400000 | P14: 559852396 | R14: =P14-M14 -> 359852396 | S14: =M14/P14 -> 0.35723702 | T14: =P14/M14 -> 2.799262 | U14: =N14/P14 -> 0.34196941 | V14: =O14/P14 -> 0.65803059 | X14: 40 | Y14: 220 | Z14: 57 | AA14: 38 | AB14: 6.2 | AC14: 225724 | AE14: 0 | AF14: 0 | AH14: Brad Lewis, John Lasseter | AI14: =A14 -> Cars 2 | AJ14: =A13 -> Toy Story 3 | AK14: =IF(N14+O14=P14, "US + Canada + rest of world = worldwide", "error in data - US + Canada + ROW does not equal worldwide box office sales") -> US + Canada + rest of world = worldwide
A15: Brave | B15: 41082 | C15: =TEXT(B15,"ddd") -> Fri | E15: =TEXT(B15,"mmm") -> Jun | G15: =DATEDIF(B14,B15,"d") -> 364 | I15: 93 | J15: PG | M15: 185000000 | N15: 237283207 | O15: 301700000 | P15: 538983207 | R15: =P15-M15 -> 353983207 | S15: =M15/P15 -> 0.34323889 | T15: =P15/M15 -> 2.9134227 | U15: =N15/P15 -> 0.4402423 | V15: =O15/P15 -> 0.5597577 | X15: 79 | Y15: 256 | Z15: 69 | AA15: 37 | AB15: 7.1 | AC15: 452012 | AE15: 1 | AF15: 0 | AH15: Brenda Chapman, Mark Andrews | AI15: =A15 -> Brave | AJ15: =A14 -> Cars 2 | AK15: =IF(N15+O15=P15, "US + Canada + rest of world = worldwide", "error in data - US + Canada + ROW does not equal worldwide box office sales") -> US + Canada + rest of world = worldwide
... A30: Inside Out 2 | B30: 45457 | C30: =TEXT(B30,"ddd") -> Fri | E30: =TEXT(B30,"mmm") -> Jun | G30: =DATEDIF(B29,B30,"d") -> 364 | I30: 96 | J30: PG | M30: 200000000 | N30: 652980194 | O30: 1045050771 | P30: 1698030965 | R30: =P30-M30 -> 1498030965 | S30: =M30/P30 -> 0.11778348 | T30: =P30/M30 -> 8.4901548 | U30: =N30/P30 -> 0.38455141 | V30: =O30/P30 -> 0.61544859 | X30: 90 | Y30: 313 | Z30: 73 | AA30: 59 | AB30: 7.6 | AC30: 168090 | AE30: 0 | AF30: 1 | AH30: Kelsey Mann | AI30: =A30 -> Inside Out 2 | AJ30: =A29 -> Elemental | AK30: =IF(N30+O30=P30, "US + Canada + rest of world = worldwide", "error in data - US + Canada + ROW does not equal worldwide box office sales") -> US + Canada + rest of world = worldwide
A32: Stats
A33: Total | C33: Released on Wed | D33: =COUNTIF(C3:D30, "Wed") -> 5 | E33: Released in Mar | F33: 2 | G33: =SUM(G4:G30) -> 10432 | I33: =SUM(I3:I30) -> 2811 | J33: Films Rated G: | K33: =COUNTIF(J3:J30,"G") -> 13 | M33: =SUM(M3:M30) -> 4526000000 | N33: =SUM(N3:N30) -> 6931243909 | O33: =SUM(O3:O30) -> 10111357027 | P33: =SUM(P3:P30) -> 17042600936 | R33: =SUM(R3:R30) -> 12516600936 | Y33: =SUM(Y3:Y30) -> 7667 | AA33: =SUM(AA3:AA30) -> 1217 | AC33: =SUM(AC3:AC30) -> 14717015 | AE33: =SUM(AE3:AE30) -> 18 | AF33: =SUM(AF3:AF30) -> 39
A34: Average (mean) | B34: =AVERAGE(B3:B30) -> 41231.893 | C34: Released on Fri | D34: =COUNTIF(C3:D30,"Fri") -> 23 | E34: Released in May | F34: 2 | G34: =AVERAGE(G4:G30) -> 386.37037 | I34: =AVERAGE(I3:I30) -> 100.39286 | J34: Films Rated PG: | K34: =COUNTIF(J3:J30,"PG") -> 15 | M34: =AVERAGE(M3:M30) -> 1.6164286e+08 | N34: =AVERAGE(N3:N30) -> 2.4754443e+08 | O34: =AVERAGE(O3:O30) -> 3.6111989e+08 | P34: =AVERAGE(P3:P30) -> 6.0866432e+08 | R34: =AVERAGE(R3:R30) -> 447021462 | S34: =AVERAGE(S3:S30) -> 0.73396156 | T34: =AVERAGE(T3:T30) -> 4.1775485 | U34: =AVERAGE(U3:U30) -> 0.3771969 | V34: =AVERAGE(V3:V30) -> 0.6228031 | X34: =AVERAGE(X3:X30) -> 88.357143 | Y34: =AVERAGE(Y3:Y30) -> 273.82143 | Z34: =AVERAGE(Z3:Z30) -> 78.142857 | AA34: =AVERAGE(AA3:AA30) -> 43.464286 | AB34: =AVERAGE(AB3:AB30) -> 7.5428571 | AC34: =AVERAGE(AC3:AC30) -> 525607.68 | AE34: =AVERAGE(AE3:AE30) -> 0.64285714 | AF34: =AVERAGE(AF3:AF30) -> 1.3928571
A35: Min | B35: =MIN(B3:B30) -> 35025 | E35: Released in Jun | F35: 16 | G35: =MIN(G4:G30) -> 98 | I35: =MIN(I3:I30) -> 81 | M35: =MIN(M3:M30) -> 30000000 | N35: =MIN(N3:N30) -> 946154 | O35: =MIN(O3:O30) -> 20414357 | P35: =MIN(P3:P30) -> 21813358 | R35: =MIN(R3:R30) -> -153186642 | S35: =MIN(S3:S30) -> 0.076057853 | T35: =MIN(T3:T30) -> 0.12464776 | U35: =MIN(U3:U30) -> 0.0077614754 | V35: =MIN(V3:V30) -> 0.43406447 | X35: =MIN(X3:X30) -> 40 | Y35: =MIN(Y3:Y30) -> 91 | Z35: =MIN(Z3:Z30) -> 57 | AA35: =MIN(AA3:AA30) -> 23 | AB35: =MIN(AB3:AB30) -> 6.1 | AC35: =MIN(AC3:AC30) -> 127045 | AE35: =MIN(AE3:AE30) -> 0 | AF35: =MIN(AF3:AF30) -> 0
A36: Min Film | B36: =VLOOKUP(B35,B3:$AI30,34,FALSE) -> Toy Story | E36: Released in Nov | F36: 7 | G36: =_xlfn.CONCAT(VLOOKUP(G35,G3:$AJ30,30,FALSE)," - ",VLOOKUP(G35,G3:$AI30,29,FALSE)) -> Turning Red - Lightyear | I36: =VLOOKUP(I35,I3:$AI30,27,FALSE) -> Toy Story | M36: =VLOOKUP(M35,M3:$AI30,23,FALSE) -> Toy Story | N36: =VLOOKUP(N35,N3:$AI30,22,FALSE) -> Soul | O36: =VLOOKUP(O35,O3:$AI30,21,FALSE) -> Turning Red | P36: =VLOOKUP(P35,P3:$AI30,20,FALSE) -> Turning Red | R36: =VLOOKUP(R35,R3:$AI30,18,FALSE) -> Turning Red | S36: =VLOOKUP(S35,S3:$AI30,17,FALSE) -> Toy Story | T36: =VLOOKUP(T35,T3:$AI30,16,FALSE) -> Turning Red | U36: =VLOOKUP(U35,U3:$AI30,15,FALSE) -> Soul | V36: =VLOOKUP(V35,V3:$AI30,14,FALSE) -> Toy Story | X36: =VLOOKUP(X35,X3:$AI30,12,FALSE) -> Cars 2 | Y36: =VLOOKUP(Y35,Y3:$AI30,11,FALSE) -> A Bug's Life | Z36: =VLOOKUP(Z35,Z3:$AI30,10,FALSE) -> Cars 2 | AA36: =VLOOKUP(AA35,AA3:$AI30,9,FALSE) -> A Bug's Life | AB36: =VLOOKUP(AB35,AB3:$AI30,8,FALSE) -> Lightyear | AC36: =VLOOKUP(AC35,AC3:$AI30,7,FALSE) -> Lightyear
A37: Max | B37: =MAX(B3:B30) -> 45457 | E37: Released in Dec | F37: 1 | G37: =MAX(G4:G30) -> 1099 | I37: =MAX(I3:I30) -> 118 | M37: =MAX(M3:M30) -> 200000000 | N37: =MAX(N3:N30) -> 652980194 | O37: =MAX(O3:O30) -> 1045050771 | P37: =MAX(P3:P30) -> 1698030965 | R37: =MAX(R3:R30) -> 1498030965 | S37: =MAX(S3:S30) -> 8.0226071 | T37: =MAX(T3:T30) -> 13.147886 | U37: =MAX(U3:U30) -> 0.56593553 | V37: =MAX(V3:V30) -> 0.99223852 | X37: =MAX(X3:X30) -> 100 | Y37: =MAX(Y3:Y30) -> 459 | Z37: =MAX(Z3:Z30) -> 96 | AA37: =MAX(AA3:AA30) -> 59 | AB37: =MAX(AB3:AB30) -> 8.4 | AC37: =MAX(AC3:AC30) -> 1226415 | AE37: =MAX(AE3:AE30) -> 2 | AF37: =MAX(AF3:AF30) -> 5
A38: Max Film | B38: =VLOOKUP(B37,B3:$AI30,34,FALSE) -> Inside Out 2 | G38: =_xlfn.CONCAT(VLOOKUP(G37,G3:$AJ30,30,FALSE)," - ",VLOOKUP(G37,G3:$AI30,29,FALSE)) -> Toy Story - A Bug's Life | I38: =VLOOKUP(I37,I3:$AI30,27,FALSE) -> Incredibles 2 | M38: =VLOOKUP(M37,M3:$AI30,23,FALSE) -> Toy Story 3 | N38: =VLOOKUP(N37,N3:$AI30,22,FALSE) -> Inside Out 2 | O38: =VLOOKUP(O37,O3:$AI30,21,FALSE) -> Inside Out 2 | P38: =VLOOKUP(P37,P3:$AI30,20,FALSE) -> Inside Out 2 | R38: =VLOOKUP(R37,R3:$AI30,18,FALSE) -> Inside Out 2 | S38: =VLOOKUP(S37,S3:$AI30,17,FALSE) -> Turning Red | T38: =VLOOKUP(T37,T3:$AI30,16,FALSE) -> Toy Story | U38: =VLOOKUP(U37,U3:$AI30,15,FALSE) -> Toy Story | V38: =VLOOKUP(V37,V3:$AI30,14,FALSE) -> Soul | X38: =VLOOKUP(X37,X3:$AI30,12,FALSE) -> Toy Story | Y38: =VLOOKUP(Y37,Y3:$AI30,11,FALSE) -> Toy Story 4 | Z38: =VLOOKUP(Z37,Z3:$AI30,10,FALSE) -> Ratatouille | AA38: =VLOOKUP(AA37,AA3:$AI30,9,FALSE) -> Inside Out 2 | AB38: =VLOOKUP(AB37,AB3:$AI30,8,FALSE) -> WALL-E | AC38: =VLOOKUP(AC37,AC3:$AI30,7,FALSE) -> WALL-E | AE38: =VLOOKUP(AE37,AE3:$AI30,5,FALSE) -> The Incredibles | AF38: =VLOOKUP(AF37,AF3:$AI30,4,FALSE) -> WALL-E
G39: Median: | H39: =MEDIAN(G4:H30) -> 364

Sheet Visualisations
A2: Budgets and Box Office Sales Charts
A65: General Charts
A108: Audience Reception Charts
A146: Awards & Directors

Sheet Director w most awards
A1: Director | B1: Sum of won | C1: Sum of nominated | D1: Count of film | E1: Wins per film | F1: Nominations per film
A2: Lee Unkrich | B2: 6 | C2: 10 | D2: 5 | E2: =B2/D2 -> 1.2 | F2: =C2/D2 -> 2
A3: Pete Docter | B3: 6 | C3: 9 | D3: 4 | E3: =B3/D3 -> 1.5 | F3: =C3/D3 -> 2.25
A4: Brad Bird | B4: 3 | C4: 7 | D4: 3 | E4: =B4/D4 -> 1 | F4: =C4/D4 -> 2.3333333
A5: Mark Andrews | B5: 3 | C5: 0 | D5: 3 | E5: =B5/D5 -> 1 | F5: =C5/D5 -> 0
A6: Andrew Stanton | B6: 2 | C6: 9 | D6: 4 | E6: =B6/D6 -> 0.5 | F6: =C6/D6 -> 2.25
A7: Bob Peterson | B7: 2 | C7: 3 | D7: 1 | E7: =B7/D7 -> 2 | F7: =C7/D7 -> 3
A8: Kemp Powers | B8: 2 | C8: 2 | D8: 1 | E8: =B8/D8 -> 2 | F8: =C8/D8 -> 2
A9: Adrian Molina | B9: 2 | C9: 0 | D9: 1 | E9: =B9/D9 -> 2 | F9: =C9/D9 -> 0
A10: John Lasseter | B10: 1 | C10: 7 | D10: 5 | E10: =B10/D10 -> 0.2 | F10: =C10/D10 -> 1.4
A11: Jan Pinkava | B11: 1 | C11: 4 | D11: 1 | E11: =B11/D11 -> 1 | F11: =C11/D11 -> 4
A12: David Silverman | B12: 1 | C12: 3 | D12: 1 | E12: =B12/D12 -> 1 | F12: =C12/D12 -> 3
A13: Josh Cooley | B13: 1 | C13: 1 | D13: 1 | E13: =B13/D13 -> 1 | F13: =C13/D13 -> 1
... A24: Angus MacLane | B24: 0 | C24: 0 | D24: 2 | E24: =B24/D24 -> 0 | F24: =C24/D24 -> 0

Sheet Director w most awards per film
A2: Director | B2: Sum of won | C2: Sum of nominated | D2: Count of film | E2: Wins per film | F2: Nominations per film
A3: Bob Peterson | B3: 2 | C3: 3 | D3: 1 | E3: =B3/D3 -> 2 | F3: =C3/D3 -> 3
A4: Kemp Powers | B4: 2 | C4: 2 | D4: 1 | E4: =B4/D4 -> 2 | F4: =C4/D4 -> 2
A5: Adrian Molina | B5: 2 | C5: 0 | D5: 1 | E5: =B5/D5 -> 2 | F5: =C5/D5 -> 0
A6: Pete Docter | B6: 6 | C6: 9 | D6: 4 | E6: =B6/D6 -> 1.5 | F6: =C6/D6 -> 2.25
A7: Lee Unkrich | B7: 6 | C7: 10 | D7: 5 | E7: =B7/D7 -> 1.2 | F7: =C7/D7 -> 2
A8: Jan Pinkava | B8: 1 | C8: 4 | D8: 1 | E8: =B8/D8 -> 1 | F8: =C8/D8 -> 4
A9: David Silverman | B9: 1 | C9: 3 | D9: 1 | E9: =B9/D9 -> 1 | F9: =C9/D9 -> 3
A10: Brad Bird | B10: 3 | C10: 7 | D10: 3 | E10: =B10/D10 -> 1 | F10: =C10/D10 -> 2.3333333
A11: Josh Cooley | B11: 1 | C11: 1 | D11: 1 | E11: =B11/D11 -> 1 | F11: =C11/D11 -> 1
A12: Ronnie del Carmen | B12: 1 | C12: 1 | D12: 1 | E12: =B12/D12 -> 1 | F12: =C12/D12 -> 1
A13: Mark Andrews | B13: 3 | C13: 0 | D13: 3 | E13: =B13/D13 -> 1 | F13: =C13/D13 -> 0
A14: Andrew Stanton | B14: 2 | C14: 9 | D14: 4 | E14: =B14/D14 -> 0.5 | F14: =C14/D14 -> 2.25
... A25: Angus MacLane | B25: 0 | C25: 0 | D25: 2 | E25: =B25/D25 -> 0 | F25: =C25/D25 -> 0

Sheet directors wip - ignore
A1: film | B1: role_type | C1: name | D1: won | E1: nominated | F1: number of films | J1: role_type | K1: (Multiple Items)
A2: Toy Story | B2: Director | C2: John Lasseter | D2: =VLOOKUP(A2,Data!$A$3:$AF$30,26,FALSE) -> 95 | E2: =VLOOKUP(A2,Data!$A$3:$AF$30,27,FALSE) -> 26
A3: Toy Story | B3: Musician | C3: Randy Newman | D3: =VLOOKUP(A3,Data!$A$3:$AF$30,26,FALSE) -> 95 | E3: =VLOOKUP(A3,Data!$A$3:$AF$30,27,FALSE) -> 26 | J3: Row Labels | K3: Sum of won | L3: Sum of nominated | M3: Count of film
A4: Toy Story | B4: Producer | C4: Bonnie Arnold | D4: =VLOOKUP(A4,Data!$A$3:$AF$30,26,FALSE) -> 95 | E4: =VLOOKUP(A4,Data!$A$3:$AF$30,27,FALSE) -> 26 | J4: Adrian Molina | K4: 2 | L4: 0 | M4: 1
A5: Toy Story | B5: Producer | C5: Ralph Guggenheim | D5: =VLOOKUP(A5,Data!$A$3:$AF$30,26,FALSE) -> 95 | E5: =VLOOKUP(A5,Data!$A$3:$AF$30,27,FALSE) -> 26 | J5: Andrew Stanton | K5: 2 | L5: 9 | M5: 4
A6: Toy Story | B6: Screenwriter | C6: Joel Cohen | D6: =VLOOKUP(A6,Data!$A$3:$AF$30,26,FALSE) -> 95 | E6: =VLOOKUP(A6,Data!$A$3:$AF$30,27,FALSE) -> 26 | J6: Angus MacLane | K6: 0 | L6: 0 | M6: 2
A7: Toy Story | B7: Screenwriter | C7: Alec Sokolow | D7: =VLOOKUP(A7,Data!$A$3:$AF$30,26,FALSE) -> 95 | E7: =VLOOKUP(A7,Data!$A$3:$AF$30,27,FALSE) -> 26 | J7: Ash Brannon | K7: 0 | L7: 1 | M7: 1
A8: Toy Story | B8: Screenwriter | C8: Andrew Stanton | D8: =VLOOKUP(A8,Data!$A$3:$AF$30,26,FALSE) -> 95 | E8: =VLOOKUP(A8,Data!$A$3:$AF$30,27,FALSE) -> 26 | J8: Bob Peterson | K8: 2 | L8: 3 | M8: 1
A9: Toy Story | B9: Screenwriter | C9: Joss Whedon | D9: =VLOOKUP(A9,Data!$A$3:$AF$30,26,FALSE) -> 95 | E9: =VLOOKUP(A9,Data!$A$3:$AF$30,27,FALSE) -> 26 | J9: Brad Bird | K9: 3 | L9: 7 | M9: 3
A10: Toy Story | B10: Storywriter | C10: Pete Docter | D10: =VLOOKUP(A10,Data!$A$3:$AF$30,26,FALSE) -> 95 | E10: =VLOOKUP(A10,Data!$A$3:$AF$30,27,FALSE) -> 26 | J10: Brad Lewis | K10: 0 | L10: 0 | M10: 1
A11: Toy Story | B11: Storywriter | C11: John Lasseter | D11: =VLOOKUP(A11,Data!$A$3:$AF$30,26,FALSE) -> 95 | E11: =VLOOKUP(A11,Data!$A$3:$AF$30,27,FALSE) -> 26 | J11: Brian Fee | K11: 0 | L11: 0 | M11: 1
A12: Toy Story | B12: Storywriter | C12: Joe Ranft | D12: =VLOOKUP(A12,Data!$A$3:$AF$30,26,FALSE) -> 95 | E12: =VLOOKUP(A12,Data!$A$3:$AF$30,27,FALSE) -> 26 | J12: Dan Scanlon | K12: 0 | L12: 1 | M12: 2
A13: Toy Story | B13: Storywriter | C13: Andrew Stanton | D13: =VLOOKUP(A13,Data!$A$3:$AF$30,26,FALSE) -> 95 | E13: =VLOOKUP(A13,Data!$A$3:$AF$30,27,FALSE) -> 26 | J13: David Silverman | K13: 1 | L13: 3 | M13: 1
A14: A Bug's Life | B14: Co-director | C14: Andrew Stanton | D14: =VLOOKUP(A14,Data!$A$3:$AF$30,26,FALSE) -> 78 | E14: =VLOOKUP(A14,Data!$A$3:$AF$30,27,FALSE) -> 23 | J14: Domee Shi | K14: 0 | L14: 1 | M14: 1
A15: A Bug's Life | B15: Director | C15: John Lasseter | D15: =VLOOKUP(A15,Data!$A$3:$AF$30,26,FALSE) -> 78 | E15: =VLOOKUP(A15,Data!$A$3:$AF$30,27,FALSE) -> 23 | J15: Jan Pinkava | K15: 1 | L15: 4 | M15: 1
... A27: Toy Story 2 | B27: Director | C27: John Lasseter | D27: =VLOOKUP(A27,Data!$A$3:$AF$30,26,FALSE) -> 88 | E27: =VLOOKUP(A27,Data!$A$3:$AF$30,27,FALSE) -> 34 | J27: Grand Total | K27: 31 | L27: 63 | M27: 44
A28: Toy Story 2 | B28: Musician | C28: Randy Newman | D28: =VLOOKUP(A28,Data!$A$3:$AF$30,26,FALSE) -> 88 | E28: =VLOOKUP(A28,Data!$A$3:$AF$30,27,FALSE) -> 34
A29: Toy Story 2 | B29: Producer | C29: Karen Robert Jackson | D29: =VLOOKUP(A29,Data!$A$3:$AF$30,26,FALSE) -> 88 | E29: =VLOOKUP(A29,Data!$A$3:$AF$30,27,FALSE) -> 34
A30: Toy Story 2 | B30: Producer | C30: Helene Plotkin | D30: =VLOOKUP(A30,Data!$A$3:$AF$30,26,FALSE) -> 88 | E30: =VLOOKUP(A30,Data!$A$3:$AF$30,27,FALSE) -> 34
A31: Toy Story 2 | B31: Screenwriter | C31: Doug Chamberlin | D31: =VLOOKUP(A31,Data!$A$3:$AF$30,26,FALSE) -> 88 | E31: =VLOOKUP(A31,Data!$A$3:$AF$30,27,FALSE) -> 34
A32: Toy Story 2 | B32: Screenwriter | C32: Rita Hsiao | D32: =VLOOKUP(A32,Data!$A$3:$AF$30,26,FALSE) -> 88 | E32: =VLOOKUP(A32,Data!$A$3:$AF$30,27,FALSE) -> 34
A33: Toy Story 2 | B33: Screenwriter | C33: Andrew Stanton | D33: =VLOOKUP(A33,Data!$A$3:$AF$30,26,FALSE) -> 88 | E33: =VLOOKUP(A33,Data!$A$3:$AF$30,27,FALSE) -> 34
A34: Toy Story 2 | B34: Screenwriter | C34: Chris Webb | D34: =VLOOKUP(A34,Data!$A$3:$AF$30,26,FALSE) -> 88 | E34: =VLOOKUP(A34,Data!$A$3:$AF$30,27,FALSE) -> 34
A35: Toy Story 2 | B35: Storywriter | C35: Ash Brannon | D35: =VLOOKUP(A35,Data!$A$3:$AF$30,26,FALSE) -> 88 | E35: =VLOOKUP(A35,Data!$A$3:$AF$30,27,FALSE) -> 34
A36: Toy Story 2 | B36: Storywriter | C36: Pete Docter | D36: =VLOOKUP(A36,Data!$A$3:$AF$30,26,FALSE) -> 88 | E36: =VLOOKUP(A36,Data!$A$3:$AF$30,27,FALSE) -> 34
A37: Toy Story 2 | B37: Storywriter | C37: John Lasseter | D37: =VLOOKUP(A37,Data!$A$3:$AF$30,26,FALSE) -> 88 | E37: =VLOOKUP(A37,Data!$A$3:$AF$30,27,FALSE) -> 34
A38: Toy Story 2 | B38: Storywriter | C38: Andrew Stanton | D38: =VLOOKUP(A38,Data!$A$3:$AF$30,26,FALSE) -> 88 | E38: =VLOOKUP(A38,Data!$A$3:$AF$30,27,FALSE) -> 34
A39: Monsters, Inc. | B39: Co-director | C39: David Silverman | D39: =VLOOKUP(A39,Data!$A$3:$AF$30,26,FALSE) -> 79 | E39: =VLOOKUP(A39,Data!$A$3:$AF$30,27,FALSE) -> 35
... A261: Inside Out 2 | B261: Storywriter | C261: Kelsey Mann | D261: =VLOOKUP(A261,Data!$A$3:$AF$30,26,FALSE) -> 73 | E261: =VLOOKUP(A261,Data!$A$3:$AF$30,27,FALSE) -> 59
